Op,Elements,BytesRead,BytesWritten,EventTimeMs,EffectiveGBps,EffectiveGOps,CTAsPerSM,ThreadsPerBlock,InnerRepeats,WarmupIters,TimedIters,DRAMReadBps,DRAMWriteBps,SMCyclesAvg,FP32ThreadInst,SpecialThreadInst,NCUMetricsMode
exp,268435456,21474836480,21474836480,35.01709,1226.534619,153.316827,4,256,1,5,20,,,,,,event-only
tanh,268435456,21474836480,21474836480,32.816959,1308.764546,163.595568,4,256,1,5,20,,,,,,event-only
rsqrt,268435456,21474836480,21474836480,33.366913,1287.193489,160.899186,4,256,1,5,20,,,,,,event-only
add,268435456,21474836480,21474836480,33.054497,1299.359457,162.419932,4,256,1,5,20,,,,,,event-only
multiply,268435456,21474836480,21474836480,32.321568,1328.823947,166.102993,4,256,1,5,20,,,,,,event-only
relu,268435456,21474836480,21474836480,32.722561,1312.540089,164.067511,4,256,1,5,20,,,,,,event-only
